{
    "type": "minecraft:crafting_shaped",
    "category": "equipment",
    "pattern": [
      "   ",
      "MEM",
      "M M"
    ],
    "key": {
        "M": "minecraft:iron_ingot",
        "E": "minecraft:elytra"
    },
    "result": {
        "count": 1,
        "id": "minecraft:iron_chestplate",
      "components": {
        "minecraft:item_model": "elytra/iron",
        "minecraft:equippable": {
          "slot": "chest",
          "model": "iron_elytra"
        },
        "minecraft:glider": {},

        "minecraft:item_name": "{\"translate\":\"item.minecraft.elytra_iron\",\"fallback\":\"Iron Elytra\"}"
      
      }
    }
  }
  