{
    "pools": [
      {
        "rolls": 1,
        "entries": [
          {
            "type": "minecraft:item",
            "name": "minecraft:diamond_chestplate",
            "functions": [
              {
                "function": "minecraft:set_components",
                "components": {
                  "minecraft:item_model": "elytra/diamond",
                  "minecraft:equippable": {
                    "slot": "chest",
                    "model": "diamond_elytra"
                  },
                  "minecraft:glider": {},
  
                  "minecraft:item_name": "{\"translate\":\"item.minecraft.elytra_diamond\",\"fallback\":\"Diamond Elytra\"}"
                }
              }
            ]
          }
        ]
      }
    ]
  }