{
    "type": "minecraft:crafting_shaped",
    "category": "equipment",
    "pattern": [
      "   ",
      "MEM",
      "M M"
    ],
    "key": {
      "M": "minecraft:chain",
      "E": "minecraft:elytra"
    },
    "result": {
        "count": 1,
        "id": "minecraft:chainmail_chestplate",
      "components": {
        "minecraft:item_model": "elytra/chainmail",
        "minecraft:equippable": {
          "slot": "chest",
          "model": "chainmail_elytra"
        },
        "minecraft:glider": {},

        "minecraft:item_name": "{\"translate\":\"item.minecraft.elytra_chainmail\",\"fallback\":\"chainmail Elytra\"}"
      
      }
    }
  }
  