{
    "type": "minecraft:crafting_shaped",
    "category": "equipment",
    "pattern": [
        "   ",
        "MEM",
        "M M"
    ],
    "key": {
        "M": "minecraft:leather",
        "E": "minecraft:elytra"
    },
    "result": {
        "count": 1,
        "id": "minecraft:leather_chestplate",
        "components": {
            "minecraft:item_model": "elytra/leather",
            "minecraft:equippable": {
                "slot": "chest",
                "model": "leather_elytra"
            },
            "minecraft:glider": {},
            "minecraft:item_name": "{\"translate\":\"item.minecraft.elytra_leather\",\"fallback\":\"Leather Elytra\"}"
        }
    }
}